Libelle Arabe	commune	taux_jeunesse
??? ????	Abbou Lakhal	39.6
????	H'ssyia	39.2
??? ??????	Ait Boudaoud	37.7
??????	Taghbalte	37.7
????	Tichla	37.4
??????	Bleida	37
??????	Maatarka	36.9
??? ????	Ait Abbas	36.8
??????	Bouchaouene	36.7
??? ??????	Ait El Farsi	36.4
??? ????	Ait Ouallal	36.1
???????	Lounasda	36
??????	Fezouata	36
????? ?????	Oulad El Garne	35.9
??????	Ternata	35.9
??????	Ouaklim	35.7
??? ?????	Lalla Aaziza	35.5
???????	Bouzeroual	35.4
??????	Errouha	35.4
????? ?????	Oulad Chbana	35.3
?????	Anergui	35.2
???? ??????	Ighil N'oumgoun	35.2
??????	Ikniouen	35.2
???? ????	Sidi Chiker	35.1
???? ??? ???? ??????	Sidi Abdellah Al Khayat	35
???????	Ben Mansour	34.9
??? ?????	Bni Yagrine	34.9
???????	Haddada	34.8
???? ???????	Ameur Seflia	34.7
????????	Laouamra	34.6
???? ????? ?????	Sidi Boubker El Haj	34.6
??? ?????	Ras El Ain	34.5
????????	Imindounit	34.5
???????	Taftechna	34.5
????	Mikkes	34.4
?????	Messassa	34.4
????? ????	Jnane Bouih	34.3
??? ?????	Hjar Ennhal	34.3
???? ???? ???????	Sidi Mohamed Benmansour	34.3
???? ??????	Sidi El Hattab	34.3
????????	Kceibya	34.3
????? ??????	Zaouiat Ahansal	34.3
??? ????	Ait Hani	34.3
???????	Tazarine	34.3
???? ???? ????	Sidi Mohamed Lahmar	34.2
????? ????	Oulad Aamer	34.2
??????	Tabaroucht	34.2
???? ??????	Sidi Boulkhalf	34.2
??? ????	Bni Zoli	34.2
???? ????????	Ameur Chamalia	34.1
?????? ????	Nzalat Laadam	34.1
??? ??? ????	Ait Haddou Youssef	34.1
????????	Hiadna	34
??? ?????	Ait Blal	34
????? ????? ?????	Oulad Bouali Loued	33.9
??? ?????	Bni Mansour	33.9
????	Tilmi	33.9
??? ????	Bni Salah	33.8
??? ??????	Bni Bouchibet	33.8
????? ?????	Ouled Ghziyel	33.8
????? ???? ???	Taghzoute N'ait Atta	33.8
?????	M'ssici	33.8
????? ????? ????	Bahhara Ouled Ayad	33.7
???????	Lakhoualqa	33.7
??? ????	Bni Smih	33.7
???? ????? ?? ????	Sidi M'hamed Ben Lahcen	33.7
???	Guir	33.7
?????? ??????	Bouabout Amdlane	33.7
???????	Irohalen	33.7
??? ?????	Ait M'hamed	33.7
?????	Tissaf	33.6
??? ???	Bni Guil	33.6
???????	Laaouama	33.5
???????	Chtaiba	33.5
????????	El Bsabsa	33.5
??? ?????	Bni Ammart	33.5
???????	Tamegroute	33.5
????????	Er-Rissani	33.5
??????	Mograne	33.4
??????	Es-Sifa	33.4
??????	Jabria	33.3
????????	Jaafra	33.3
????? ??????	Oulad Cherki	33.3
???????	En-Nzala	33.3
??????	El Atef	33.3
?????	Mrija	33.3
????? ????	Oulad Khallouf	33.3
??? ??????	M'zem Sanhaja	33.2
??????	Boumerieme	33.2
??????? ???????	Zaouia Annahlia	33.2
?????	Azrar	33.2
????	Melaab	33.2
???? ???? ?????	Aarab Sebbah Gheris	33.2
?????	Zouada	33.1
????? ??????	Skoura Lhadra	33.1
???? ????	Sidi Aayad	33.1
????? ????	Louad Lakhdar	33.1
??? ????	Ait Aadel	33.1
??? ????? ????? ???????	Ait Sedrate Sahl El-Gharbia	33.1
?????	Alnif	33.1
????? ?????	Oulad Ouchih	33
??? ?????	Bni Bchir	33
????????	Taouloukoult	33
???? ????	Afalla Issen	33
??????	N'kob	33
????? ?????	Ouled Hcine	32.9
????	Jdour	32.9
???????	Chouafaa	32.9
???????	Tilougguite	32.9
????????	Imilmaiss	32.9
?????	Toubkal	32.9
?????	Imider	32.9
?????	Lamharra	32.8
???? ???? ?????	Sidi Yahia Ou Youssef	32.8
??????	Gteter	32.8
?????	Harbil	32.8
???? ???? ?? ??????	Sidi Aissa Ben Slimane	32.8
???????	Tinzouline	32.8
?????? ???????	Aghbalou-N'kerdous	32.8
????	Mogress	32.7
?????	Kridid	32.7
??? ????????	Dar Laaslouji	32.7
????? ??????	Oulad Freiha	32.7
????? ???? ????	Tiffert N'ait Hamza	32.7
??????	Ouaouzgane	32.7
????	Saka	32.7
??? ????????	Sebt Loudaya	32.7
???????	Laajajra	32.7
?????	Akarma	32.7
????????	Afella N'dra	32.7
???????	M'semrir	32.7
???? ??????	Oued Naam	32.7
??????	Tagleft	32.6
???? ??????	Sidi Bouzineb	32.6
?????	Ighoud	32.6
?????	Ahdil	32.6
??? ????? ????? ???????	Ait Sedrate Sahl Charkia	32.6
????? ???? ??????	Oulad Yahia Lagraire	32.6
???? ???	Sidi Ali	32.6
?????? ????????	Rissana Janoubia	32.5
????? ???????	Moulay Bousselham	32.5
????????	Sfafaa	32.5
??????	Eddachra	32.5
??? ???????	Dar Bel Amri	32.5
??? ???	Bni Idder	32.5
??? ??????	Ait Oumdis	32.5
?????	Ouaoula	32.5
??????	Tamezmoute	32.5
?????? ????????	Rissana Chamalia	32.4
???????	Rmilat	32.4
???????	Boutferda	32.4
????????	Mkansa	32.4
??? ???????	Ain Tazitounte	32.4
?????	Dzouz	32.4
????? ????	Ouled Ghanem	32.3
???? ??? ????	Koudiat Bni Dghough	32.3
??????	Jouamaa	32.3
???? ???? ??? ????	Sidi Hajjaj Oued Hassar	32.3
????? ?????	Oulad Massaoud	32.3
????	Ameur	32.3
???? ???????	Sidi Boulaalam	32.3
???????	Atiamim	32.2
??????	Arbaoua	32.2
???? ???? ??????	Sidi Allal Tazi	32.2
????? ????	Oulad Sbih	32.2
????? ?????	Oulad Msabbel	32.2
???? ????	Sidi Moussa	32.2
??????	Taouzint	32.2
????? ?????	Oulad Yaacoub	32.2
??? ???? ???????	Bni Ahmed Imoukzan	32.2
??? ????	Ait Yahya	32.2
????????	Fritissa	32.2
????? ????	Oulad Aarrad	32.2
??? ???? ???	Aarab Sebbah Ziz	32.2
?????	Ktaoua	32.2
???????	Lamrasla	32.1
???????	Gueznaia	32.1
???????	Souaken	32.1
????	Mayate	32.1
????????	Errafiaya	32.1
?????	Issaguen	32.1
?????	Selfat	32.1
?????	Gourrama	32.1
??????	Bouanane	32.1
????	Isly	32.1
?????	Zag	32.1
??? ??????	Ait Bou Oulli	32.1
????	Agdz	32.1
??? ???????	Sebt Azzinate	32
????? ????	Oulad Zarrad	32
???? ????	Sidi Daoud	32
??? ?????	Ain Chkef	32
??????	Bou-Azmou	32
???????	Douirane	32
???????	Labouirat	32
???? ?????	Kalâat M'gouna	32
?????	Malloussa	31.9
????????	Mnasra	31.9
??? ????	Ksar Bjir	31.9
???? ????	Sidi Hajjaj	31.9
??? ???????	Dar Chaffai	31.9
???????	El Marbouh	31.9
??????	Imilchil	31.9
????? ???? ??? ??????	Zaouiat Sidi Abdelkader	31.9
????? ?????	Oulad Mimoun	31.9
???????	Assahrij	31.9
????? ????	Oulad Aissa	31.8
??? ??????	Lalla Mimouna	31.8
??? ????	Beni Malek	31.8
?????	Sefsaf	31.8
???????	Toualet	31.8
??????	Znada	31.8
??????	Bouhouda	31.8
??? ???????	Guers Tiaallaline	31.8
????? ?????	Ouled M'hamed	31.8
??? ?????	Ait Daoud	31.8
??????	Timlilt	31.8
??? ?????	Ait Ouassif	31.8
????? ?????	Chorfa M'daghra	31.8
??????	El Ouatia	31.7
??????????	Al Bahraoyine	31.7
????? ????	Ouled Youssef	31.7
????? ???? ??????	Moulay Ahmed Cherif	31.7
????	Zarkt	31.7
??? ?????	Ain Aicha	31.7
?????	Kouzemt	31.7
???????	Lamzoudia	31.7
???? ???? ???????	Ouahat Sidi Brahim	31.7
??????	Fraita	31.7
????? ??? ????	My Abdellah	31.6
???? ????	Sidi Abed	31.6
????? ?????	Ouled Slama	31.6
????????	M'saada	31.6
??????	N'khila	31.6
?????	Azghar	31.6
??????	Bouarouss	31.6
???????	M'haya	31.6
??? ?????	Sebaa Rouadi	31.6
???? ???	Dayat-Aoua	31.6
??????	Loulja	31.6
???? ??? ??????	Sidi Ali Bel Quassem	31.6
???????	Ezzaouite	31.6
??? ?????	Ait Tamlil	31.6
???? ??????	Sidi Al Kamel	31.5
?????	Haouzia	31.5
??? ??????	Ait Taleb	31.5
????? ?????	Agoudi N'lkhair	31.5
?????	Lkheng	31.5
??????	Et-Taous	31.5
???? ??????	Sidi Ettiji	31.4
???????? ????? ??????	Almajjatia Oulad Taleb	31.4
????	Mniaa	31.4
??????	Tassift	31.4
???????	Louadaine	31.4
???? ???? ?????	Kandar Sidi Khiar	31.4
???? ??????	Outabouabane	31.4
???? ?????	Sidi Ishaq	31.4
?????	Aglif	31.4
????? ?????	Oulad Moumna	31.4
???? ??? ??????	Sidi Abdelmoumen	31.4
????	Fezna	31.4
????	Ayir	31.3
????? ?????	Ouled H'cine	31.3
??? ???????-?????	Ain Dorbane-Lahlaf	31.3
?????	Jbiel	31.3
??? ??????	Had Boumoussa	31.3
??? ?????	Bni Bouzra	31.3
??????	Bouabout	31.3
????	Ighil	31.3
??????	Ourika	31.3
??? ?????-??? ????	Ait Hkim-Ait Yzid	31.3
??? ????? ????? ??????	Ait Sedrate Jbel El Oulia	31.3
??? ????? ???????	Bni M'hamed-Sijelmassa	31.3
????? ?????	Oulad Rahmoune	31.2
???? ??? ??????	Sidi Abdelkhaleq	31.2
????????	Mansoura	31.2
???? ??????	Sidi El Abed	31.2
????????	M'khalif	31.2
??????	M'ramer	31.2
???? ????	Sidi Ghaneme	31.2
???????	Tahelouante	31.2
?????	Assais	31.2
??????	M'zouda	31.2
???????	Choara	31.2
??? ???	Bouya Omar	31.2
???? ?????	Sidi Yacoub	31.2
???????	Tagounite	31.2
?????	Er-Rteb	31.2
???????	El Beddouza	31.1
???? ????? ?????	Sidi M'hamed Akhdim	31.1
???????	Esbiaat	31.1
???? ???? ??????	Sidi Ameur Al Hadi	31.1
??? ????	Bni Mathar	31.1
?????	Rahhala	31.1
??? ??????	Imi-N'oulaoune	31.1
??????	Allougoum	31.1
????? ??? ??????	Moulay Ali Cherif	31.1
????? ????	Zaouiat Saiss	31
???? ??????	Sidi Lyamani	31
??? ??????	Souk Tolba	31
???? ??? ????	Sidi Abdellah	31
????????	Sgamna	31
?????????	Sahtryine	31
??????	Amellagou	31
????? ???? ??? ??????	Ouled Sidi Abdelhakem	31
????? ????	Ouled Dlim	31
???????	Tassoultante	31
????????	Oukaimden	31
??? ?????	Sti Fadma	31
??????	Zagora	31
??????	Lamsabih	30.9
???? ????? ?????	Sidi M'hamed Chelh	30.9
??????	Laghdira	30.9
?????	Tizgane	30.9
????? ?????	Oulad Tayeb	30.9
??????	M'zizel	30.9
????????	Mouarid	30.9
???????	Ichamraren	30.9
???? ?????	Sidi Boubker	30.9
??????	El Marsa	30.8
??????	El Ghiate	30.8
????????	Loualidia	30.8
???? ???????	Sidi Smail	30.8
???????	Nouirate	30.8
????? ?????	Oulad Imloul	30.8
???? ?????	Tizi N'isly	30.8
????? ???? ????	Zaouiat Sidi Kacem	30.8
??? ????	Ait Izdeg	30.8
???? ???? ????????	Sidi Aissa Regragui	30.8
???? ??????	Tidili Fetouaka	30.8
??????	Tizounine	30.8
??????? ????????	Soualem Trifiya	30.7
????????	Ech-challalate	30.7
??? ?????	Ain Tizgha	30.7
????? ???? ????	Oulad Hassoune Hamri	30.7
???????	Lakhzazra	30.7
???????	El Ganzra	30.7
??? ??? ?????	Dar Ould Zidouh	30.7
???????	Zinat	30.7
?????	Tamorot	30.7
???????	Timezgana	30.7
??????	Amersid	30.7
??? ??? ????????	Ras Ain Rhamna	30.7
?????? ????	Agadir Melloul	30.7
????????	El Gouraani	30.6
?? ???????	Had Soualem	30.6
???? ?? ????	Kasbat Ben Mchich	30.6
????	Guisser	30.6
???? ???? ??????	Sidi Ahmed El Khadir	30.6
????? ????	Oulad Amer	30.6
??? ????	Oued Malha	30.6
????	Tekna	30.6
????? ????	Oulad Ayyad	30.6
???????	Outerbat	30.6
???????	Tendrara	30.6
????????	Drargua	30.6
????????	Laatamna	30.6
????????	Laattaouia	30.6
????	Anzou	30.6
????? ???????	Tamda Noumercid	30.6
?????	Loulad	30.5
????? ????	Oulad Fares	30.5
????????	El Aamria	30.5
????? ????	Ouled Nacer	30.5
??????	Rfala	30.5
??? ?? ????	Ait Ouqabli	30.5
?????	Laghdir	30.5
??????	Steha	30.5
??? ?????	Bni Selmane	30.5
??? ?????	Ras El Oued	30.5
???????	Dkhissa	30.5
????	Majjate	30.5
????? ?????	Moulay Yacoub	30.5
????? ???? ????	Zaouiat Sidi Hamza	30.5
??????	Chichaoua	30.5
?????	Bourrous	30.5
??????	Tansifte	30.5
????????	Laghnadra	30.4
??? ?????? ?????	Souk Tlet El Gharb	30.4
????????	Al Haouafate	30.4
???? ?? ???	Machraa Ben Abbou	30.4
????????	Labrikiyne	30.4
???????	Bouguargouh	30.4
??????	Taoughilt	30.4
?????	Anemzi	30.4
????????	Iguerferouane	30.4
??? ????	Sour El Aaz	30.4
?????	Tissint	30.4
??? ???	Ait Youl	30.4
???	Nagga	30.3
????	Riah	30.3
??? ???	Ait Hammou	30.3
????????	M'nabha	30.3
???? ??? ???????	Sidi Ali Labrahla	30.3
???????	Laqraqra	30.3
??????	Taounza	30.3
??????	Charqaoua	30.3
??? ??????	Oued Jemaa	30.3
??? ?????	Ain Kansara	30.3
???????	Ermila	30.3
??????	Bsara	30.3
???? ??????	Sidi Laaroussi	30.3
??????	Meskala	30.3
??????	Bizdad	30.3
???? ??? ???? ????	Sidi Abdellah Ghiat	30.3
?? ????	Foum Zguid	30.3
??? ???????	Dar Gueddari	30.2
?????	Bouchane	30.2
??? ?????	Bni Chegdale	30.2
??? ????	Bab Taza	30.2
??????	Bouchabel	30.2
?????	Iounane	30.2
??? ???? ???????	Bni Gmil Maksouline	30.2
??? ???? ????? ?????	Bni Oukil Oulad M'hand	30.2
?????	Kechoula	30.2
???????	Laamamra	30.2
???? ????	Sidi Ghanem	30.2
??????	Adassil	30.2
???? ????	Sidi Bibi	30.2
?????	Saada	30.2
??????	Ouazguita	30.2
????	Afra	30.2
??????	Boujdour	30.1
??? ?????	Sebt Gzoula	30.1
?????	Chtouka	30.1
???? ???????	Khmis Ksiba	30.1
??? ????	Ait Yadine	30.1
??? ????	Ait Mazigh	30.1
???????	Tamsaout	30.1
??? ??????	Ain Cheggag	30.1
?????	Tizguite	30.1
???????	Talsint	30.1
???? ??? ??????	Sidi Abdeljalil	30.1
??????	Atouabet	30.1
????? ??????	Oulad M'rabet	30.1
???? ????? ???????	Sidi M'hamed Ou Marzouq	30.1
????????	Mzilate	30.1
???? ???????	Sid L'mokhtar	30.1
?????????	Talmakante	30.1
??? ??????	Oued Essafa	30.1
??????	Abaynou	30.1
?????	Tiglit	30.1
?????	Hrara	30
???????	Saadla	30
????? ?????	Oulad Amrane	30
????? ????	Oulad Nouel	30
????? ????	Oulad Azzouz	30
??????? ??????	Lamharza Essahel	30
??? ????	Bni Ykhlef	30
???????	Lamrabih	30
???????	Jbabra	30
??? ????? ?????	Ait Sebaa Lajrouf	30
???????-?????	Ksabi-Moulouya	30
??? ?????	Ait Amira	30
???????	Tameslohte	30
???????	Aghouatim	30
???????? ????????	Laattaouia Ech-Chaibia	30
?????	Tabant	30
??????	Tarfaya	29.9
???????	Lahsasna	29.9
??????	Mrizigue	29.9
?? ????	Foum Oudi	29.9
?? ??????	Foum El Anceur	29.9
??? ????	Bni Rzine	29.9
????? ??????	Rbaa El Fouki	29.9
??????	Assebbab	29.9
???????	El Orjane	29.9
??????	Lamrija	29.9
????????	Jaidate	29.9
?????	Ouargui	29.9
??????	Boudnib	29.9
????? ?????	Oulad Sbaita	29.8
???? ?????	Sidi Mansour	29.8
?????? ????????	Mzamza Janoubia	29.8
????	Rima	29.8
??? ????	Bni Khloug	29.8
???? ?????	Kasbat Troch	29.8
??????	Bghaghza	29.8
????? ????	Oulad Daoud	29.8
????? ??????	Oulad Bourima	29.8
???????	Mibladen	29.8
??? ????	Ait Said	29.8
??????	Tafetachte	29.8
??? ?????? ????	Souk Lakhmis Dades	29.8
??????	Labkhati	29.7
?????? ????? ?????	Sahel Oulad H'riz	29.7
???? ??? ??????	Sidi Abdelkrim	29.7
???????	Laamria	29.7
????? ???? ???????	Zaouiat Sidi Ben Hamdoun	29.7
????? ?????	Oulad Ftata	29.7
?????	Tabia	29.7
??? ????	Bni A'yat	29.7
??? ?????	Ait Ouaarda	29.7
??? ?????	Bni Darkoul	29.7
?????	Amtar	29.7
?????	Chakrane	29.7
?????	Ouizeght	29.7
???? ????	Sidi Lahsen	29.7
?????? ??????	Timzguida-Ouftas	29.7
???????	Al Ouidane	29.7
??????	Tlauh	29.7
???????	Es-Sfalat	29.7
??????	Bouhmame	29.6
????? ??????	Ksar Sghir	29.6
??? ??????	Bni Tsiriss	29.6
???? ??????	Sidi Boumehdi	29.6
??? ????	Ain Blal	29.6
??? ????	Ait Taguella	29.6
?????	Saddina	29.6
??? ?????	Bni Gmil	29.6
?????????	Mrhassiyine	29.6
????	Tissa	29.6
????	Assoul	29.6
???? ????	Ida Ou Aazza	29.6
?????	Zemrane	29.6
??????	Tighedouine	29.6
????? ??????	Ferkla El Oulia	29.6
??? ????	Sebt Saiss	29.5
??? ??????	Moul El Bergui	29.5
????????	Khnichet	29.5
????? ????	Oulad Ziyane	29.5
?????????	Lambarkiyne	29.5
????????	Braksa	29.5
????????	Khlalfa	29.5
???????	Laanoussar	29.5
??? ?????	Bni Tadjite	29.5
??????	Bouzemmour	29.5
????????	Saidate	29.5
??? ????	Ait Hadi	29.5
???? ????? ????	Sidi M'hamed Dalil	29.5
???? ???? ??????	Sidi Moussa Lhamri	29.5
??????	Tahannaout	29.5
??? ?????	Ahl Tifnoute	29.5
????? ??????	Gheris Es-Soufli	29.5
?????	Jorf	29.5
?????	Arfoud	29.5
?? ?????	Foum El Oued	29.4
??? ?? ????	Dar Si Aissa	29.4
??? ?????	Jbel Lahbib	29.4
???? ????	Sidi Azzouz	29.4
??? ????	Tit Mellil	29.4
??????	Deroua	29.4
???? ???? ?? ????	Sidi Mohammed Ben Rahal	29.4
???? ??????	Sidi Taibi	29.4
????? ?? ?????	Ouled Ben Hammadi	29.4
???? ???? ?? ???	Sidi Aissa Ben Ali	29.4
?????	Isseksi	29.4
???????	Rhouazi	29.4
???? ????? ?????	Sidi Haj M'hamed	29.4
??? ?????	Bni Frassen	29.4
?????	Zaggota	29.4
??? ?????	Ain Bou Ali	29.4
???????	Tafajight	29.4
??? ?????	Ain Sfa	29.4
????? ?? ??????	Zaouiat Ben Hmida	29.4
????????	Souihla	29.4
??? ?????	Ait Faska	29.4
??? ?????	Ait Majden	29.4
??????	Akhfennir	29.3
??? ????	Bni Garfett	29.3
???? ???? ???????	Sidi Moussa El Majdoub	29.3
????? ?????	Oulad Hamdane	29.3
???????	Laatatra	29.3
???????	Lagnadiz	29.3
??????	Boumaiz	29.3
??? ?????	Bab Tiouka	29.3
??? ????	Ait Ouallal	29.3
????? ?????	Oulad Abdoune	29.3
???????	El Foqra	29.3
????? ????	Oulad Aissa	29.3
???????	Al Hamra	29.3
?????	Tanaqoub	29.3
????????	Derdara	29.3
??? ????	Bni Said	29.3
???? ??????	Sidi Mokhfi	29.3
????? ??????	Oulad Chrif	29.3
?????	Barkine	29.3
???? ????-??????	Sidi Moussa Lemhaya	29.3
??????	Tarmigt	29.3
???? ?? ????	Kariat Ben Aouda	29.2
????????	Laghnimyine	29.2
??? ????	Bni Yakhlef	29.2
???? ??????	Sidi Dahbi	29.2
???? ???? ????????	Sidi Allal El Bahraoui	29.2
???? ???? ????	Sidi Yahya Zaer	29.2
????? ????	Oulad Fennane	29.2
??? ?????	Ain Maatouf	29.2
??? ???	Bni Lent	29.2
?????	Bouarg	29.2
????? ??????	Oulad Zbair	29.2
???? ?????	Imi-N'tlit	29.2
????	Majjat	29.2
?????	Tigouga	29.2
????????	Bouizakarne	29.2
?????	Tidili	29.2
???????	Taznakht	29.2
??????	Idelsane	29.2
??????	Mezguita	29.2
???	Akka	29.2
?? ???????	Oum El Guerdane	29.2
???? ????	Sidi Aissa	29.1
???? ??? ?? ?????	Sidi Ali Ben Hamdouche	29.1
????? ???? ??? ?? ????	Oulad Sidi Ali Ben Youssef	29.1
??? ????	Bni Oukil	29.1
????	Tisqi	29.1
??????	Boukhrisse	29.1
???????	Mazguitam	29.1
????? ???????	Ghiata Al Gharbia	29.1
????? ??????	Almis Marmoucha	29.1
???? ???????	Sidi El Jazouli	29.1
????????	Imintanoute	29.1
?????	Aghbar	29.1
????????	Loudaya	29.1
?????	Ghmate	29.1
????	Asni	29.1
??????	Tamallalt	29.1
????? ??? ?????	Skoura Ahl El Oust	29.1
???? ???? ??????	Sidi Ahmed Benaissa	29
???????	Nouaceur	29
?????	Mellila	29
??? ???????	Oued Naanaa	29
????? ?????	Ouled M'hamed	29
????? ???? ?? ?????	Moulay Aissa Ben Driss	29
?????	Anjra	29
????	Azla	29
??? ??????	Jorf El Melha	29
??? ???????	Oued Jdida	29
??? ????	Ain Legdah	29
?????	Amouguer	29
?????	Missour	29
????????	Korimate	29
???? ?????	Sidi Dahmane	29
?????	Agafay	29
?????	Anougal	29
?????? ????	Boumalne-Dades	29
????????	Lahraouyine	28.9
????? ????	Ouled Salah	28.9
?????	Jaqma	28.9
????? ???? ?????	Ouled Said Loued	28.9
??? ????	Ain Lahsan	28.9
??? ???? ???????	Bni Ahmed Cherqia	28.9
??? ?????? ???????	Abdelghaya Souahel	28.9
???????	Bouchfaa	28.9
?????	Agoudim	28.9
????? ????? ???	Houara Oulad Raho	28.9
???? ?????	Sidi Boutayeb	28.9
???????	Lagdadra	28.9
??? ?????	Imi-N'fast	28.9
?????	Tanant	28.9
??????? ???????	M'hamid El Ghizlane	28.9
????	Chahda	28.8
??????	Bouguedra	28.8
????? ???	Ouled Frej	28.8
????? ?? ?????	Oulad Si Bouhya	28.8
??? ????	Bni Hassane	28.8
???????	Targuist	28.8
???? ??????	Sidi Boutmim	28.8
?????	Rhafsai	28.8
??????	Mezraoua	28.8
?????	Laqsir	28.8
???????	Bouyablane	28.8
?????	Taddart	28.8
????? ????	Oulad Settout	28.8
??? ?????	Ain Lehjer	28.8
?????	Nfifa	28.8
?????	Belfaâ	28.8
??????	Tinejdad	28.8
???? ??????	Lbir Jdid	28.7
??? ????	Ben Guerir	28.7
????? ????	Ouled Zmam	28.7
????? ???????	Ouled Bourahmoune	28.7
????? ??????	Ksar El Majaz	28.7
?????	Tabouda	28.7
???????	Tifarouine	28.7
??? ???????	Ain Bida	28.7
???? ???? ?? ????	Sidi Youssef Ben Ahmed	28.7
?????	Zaida	28.7
?????	Tamanar	28.7
????? ?????	Oulad Berhil	28.7
?????	Gmassa	28.7
????? ?????	Saniat Berguig	28.6
?????	Lmechrek	28.6
??????	Al Kharroub	28.6
??? ?????	Dar Bouazza	28.6
??? ????	Bni Hilal	28.6
???? ???????	Sidi El Aidi	28.6
???? ????	Sidi Bettache	28.6
???? ???? ?????	Sidi Yahia El Gharb	28.6
???????	Fnideq	28.6
???????	Zaitoune	28.6
??????	Taghzout	28.6
?????	Zouagha	28.6
?????	Iqaddar	28.6
??? ?????	Ait Erkha	28.6
???????	Jouala	28.6
??????	Laâyoune	28.5
???????	Lamaachate	28.5
???????	Bouskoura	28.5
???? ????	Sidi Ghanem	28.5
????? ???? ??????	Oulad Aamer Tizmarine	28.5
????	Sabbah	28.5
??? ??? ??????	Ait Ali Ou Lahcen	28.5
???? ??????	M'qam Tolba	28.5
??????	Tanougha	28.5
??? ??????	Souk Kdim	28.5
??? ??? ????	Dar Bni Karrich	28.5
??????	Taounate	28.5
???? ?????	Jnan El Ouard	28.5
????	Bitit	28.5
???? ???????	Sidi Bou Othmane	28.5
?????	Iguidi	28.5
??? ???? ????	Ait Sidi Daoud	28.5
??? ?????	Ait Ourir	28.5
???????	Zagmouzen	28.5
?????	Tinghir	28.5
???????	Dakhla	28.4
??????	Zmamra	28.4
??????	Sahel	28.4
?????	Tamda	28.4
?????? ????? ????	Foqra Oulad Aameur	28.4
??????	Meskoura	28.4
????? ????? ???????	Oulad Bouali Nouaja	28.4
????? ??????	Oulad Boughadi	28.4
??? ???	Bni Leit	28.4
?????	Al Oued	28.4
??????	Bouadel	28.4
??? ??????	Ain Mediouna	28.4
???????	Traiba	28.4
??? ?????	Ouad Amlil	28.4
??????	Aghbalou	28.4
??? ????	Ait Ayach	28.4
???? ?????	Assif El Mal	28.4
??? ????	Ait Igas	28.4
??? ??????	Sid Zouine	28.4
????? ???????	Moulay Brahim	28.4
????	Tlite	28.4
????	Tifni	28.4
?????	Aoufous	28.4
?????	Tah	28.3
?????	Ahlaf	28.3
???? ????????	Skhour Rhamna	28.3
??? ??????	Ain Sbit	28.3
??????	Bradia	28.3
?????	Allyene	28.3
??? ????	Bni Snous	28.3
??? ??? ????	Ait Harz Allah	28.3
??? ?????	Ras Laksar	28.3
????? ?????	Outat El Haj	28.3
???????	Mestferki	28.3
???	Mejji	28.3
??? ?????	Ait Imour	28.3
???????	Taouyalte	28.3
????? ???????	Zemrane Charqia	28.3
?????	Khouzama	28.3
????	Tata	28.3
????????	Echemmaia	28.2
???????	El Gantour	28.2
??? ?????	Bni Makada	28.2
??????	Shoul	28.2
????? ????	Oulad Azzouz	28.2
????	Afsou	28.2
??? ????????	Ait Boubidmane	28.2
??????	Aghbala	28.2
?????	Er-Rich	28.2
?????	Tafedna	28.2
?????	Eddir	28.2
???? ???????	Ahmar Laglalcha	28.2
????????	Jbilate	28.2
???????	Ouarzazate	28.2
??????	Toundoute	28.2
???????	Es-Semara	28.1
???????	Laagagcha	28.1
???? ???????	Oued El Makhazine	28.1
??? ??????	Bir Taleb	28.1
??????	Mediouna	28.1
????? ???? ?????	Oulad Fares El Halla	28.1
????????	Maadna	28.1
??????	Talambote	28.1
??? ?????	Bni Faghloum	28.1
?????	M'tioua	28.1
???????	Zrizer	28.1
????? ??? ?????	Fennassa Bab El Hit	28.1
??????	Msila	28.1
???????	Driouch	28.1
??? ???????	Ait Bourzouine	28.1
???? ???????	Sidi Boulenouar	28.1
?????	Temsia	28.1
??????	Inchaden	28.1
?????	Zerkten	28.1
?????	Aoulouz	28.1
????? ??????	Zaouiat Lakouacem	28
????? ??????	Oulad Sghir	28
??? ??????	Ain El Aouda	28
????????	Tamchachate	28
????????	M'fassis	28
???????	Lamjaara	28
??????	Izemmouren	28
???? ????? ????????	Sidi Bouzid Arragragui	28
??? ?????	Ouad L'bour	28
??????	Lqliaa	28
???? ??????	Sidi Boumoussa	28
????? ??????	Gheris El Ouloui	28
????? ?????	Ouled Salmane	27.9
?? ?????	Khatazakane	27.9
???? ?????	Sidi El Mekki	27.9
??????	Chaibate	27.9
????? ??????	Oulad Boussaken	27.9
??? ?????	Bir Ennasr	27.9
???? ???? ??? ?????	Sidi Yahia Bni Zeroual	27.9
??? ????	Ait Kamra	27.9
???????	El Gouzate	27.9
??? ????	Bni Ftah	27.9
???????	Mtalssa	27.9
????	Zegzel	27.9
??????	Biougra	27.9
?????	Amtdi	27.9
???	Assa	27.9
???????	Tamazouzte	27.9
???????	Amerzgane	27.9
??????	Taliouine	27.9
????? ??? ??????	Moulay Abdelkader	27.8
??????	Laaounate	27.8
????	M'tal	27.8
???? ??? ???????	Sidi Bouknadel	27.8
???? ??? ??????	Jemaat Moul Blad	27.8
??? ????-??? ??????	Ain Karma-Oued Rommane	27.8
????? ??????	Ouled M'barek	27.8
??????	Azilal	27.8
??? ???????	Melg El Ouidane	27.8
??????	Timahdite	27.8
??????	Galdamane	27.8
??? ????	Bni Drar	27.8
????????	Errachidia	27.8
???????	Boujedyane	27.7
????	Charrate	27.7
???????	Boulaouane	27.7
??? ?????	Mers El Kheir	27.7
????	Bourd	27.7
????	Guigou	27.7
?????	Enjil	27.7
?????	Smimou	27.7
??????	Bounrar	27.7
????? ?????	Aouint Yghomane	27.7
????? ????	Oulad Hassoune	27.7
??????	Amghras	27.7
???? ??????	Sidi Ouaaziz	27.7
???? ???? ??????	Sidi Rahal Chatai	27.6
??? ?????	Ain Harrouda	27.6
????? ??? ???????	Oulad Ali Toualaa	27.6
????????	Layayda	27.6
?????	Khalfia	27.6
???????	Rouached	27.6
??? ??	Oued Laou	27.6
??? ???	Bab Berred	27.6
???? ?? ????	Karia Ba Mohamed	27.6
?????	Ketama	27.6
??????	Ratba	27.6
??? ??????	Bni Bounsar	27.6
?????	Bouhlou	27.6
???? ???? ?? ???	Sidi Ahmed Ou Amar	27.6
??????	Lamhara	27.6
??????	Tan-Tan	27.6
??????	Ouzioua	27.6
??? ????	Ain Attig	27.5
???????	Laghoualem	27.5
??????	Krifate	27.5
????? ????	Ouled Gnaou	27.5
??????	M'diq	27.5
??? ???????	Ain Dfali	27.5
???????	Tafrant	27.5
??????	Imzouren	27.5
???? ?????	Hassi-Berkane	27.5
????? ??? ????	N'zalat Bni Amar	27.5
????? ??? ????	Oulad Ali Youssef	27.5
??? ??????	Ain Chair	27.5
??????	Talmest	27.5
????????	Timezgadiouine	27.5
??????	Tilemzoun	27.5
????? ??????	Ferkla Es-Soufla	27.5
???????	Al Manzla	27.4
????? ???? ????	Oulad Yahya Louta	27.4
??? ????? ???????	Ras El Ain Chaouia	27.4
???? ????????	Kelâat Sraghna	27.4
????? ?????	Ouled Yaich	27.4
??? ???????	Dir El Ksiba	27.4
?????	Tamedit	27.4
??????	Tainaste	27.4
??? ??????	Ain Zohra	27.4
??? ??????	Bab Marzouka	27.4
?????	Guercif	27.4
??? ?????	Ahl Angad	27.4
??????	Aquermoud	27.4
???????	Targante	27.4
???? ?????	Ida Ou Guelloul	27.4
????? ???? ??????	Zaouia Sidi Tahar	27.4
????? ????	Oulad Aissa	27.4
??? ??????	Ida Ou Gailal	27.4
?????	Tagante	27.4
?????	Azgour	27.4
?????	Tazart	27.4
?????	Abadou	27.4
?????	Imlil	27.4
????	Lahdar	27.3
????	Tatoft	27.3
?????	Metrane	27.3
???????	Chougrane	27.3
??? ???????	Bin El Ouidane	27.3
?????? ???????	Meknassa Acharqia	27.3
???????	Laaouinate	27.3
???? ?????	Sidi Borja	27.3
??????	Al Mahbass	27.3
?????	Assaki	27.3
????? ??????	Toudgha Essoufla	27.3
????????	Tadighoust	27.3
???????	Lgharbia	27.2
????	Mettouh	27.2
??????	Lahouaza	27.2
??????	El Borouj	27.2
???????	Chbanate	27.2
??? ?? ???????	Dar Oum Soltane	27.2
?????	Lagfaf	27.2
??? ????	Bni Bataou	27.2
??? ???? ???????	Bni Ounjel Tafraout	27.2
????	Louta	27.2
???????	Tiztoutine	27.2
?????? ??????	Aghbalou Aqorar	27.2
??????	Tazouta	27.2
??? ????	Bni Khaled	27.2
?? ?????	Had Dra	27.2
???????	Lahsinate	27.2
??????	Takoucht	27.2
????	Igli	27.2
???????	Lakhsas	27.2
??? ???????	Lalla Takarkoust	27.2
??????	Imgdal	27.2
??? ????	Ait Zineb	27.2
????? ?????	Ouled Zidane	27.1
?????	Mehdya	27.1
??? ????	Bir Mezoui	27.1
?????	Naour	27.1
??? ??????	Bni Bouayach	27.1
?????	Selouane	27.1
???????	Boufakrane	27.1
??? ?????	Ait Naamane	27.1
?????	Boumia	27.1
??? ????	Ait Bazza	27.1
?????	Tiouli	27.1
???? ???? ??????	Sidi Ahmed Essayeh	27.1
?????	Adaghas	27.1
??????? ???????	Igoudar Mnabha	27.1
??? ????? ????? ??????	Ait Sedrate Jebel Soufla	27.1
????? ????	Ouled Cebbah	27
?????	Gdana	27
????? ????	Oulad Said	27
??? ???????-???? ???????	Ain Johra-Sidi Boukhalkhal	27
???? ??? ??????	Sidi Abderrazak	27
??? ????? ????? ?????	Souk Sebt Ouled Nemma	27
??????? ????????	Gzenaya Al Janoubia	27
????	Takate	27
????????	Talgjount	27
????? ?????	Oulad Teima	27
???????	El Guerdane	27
??????	Lamhadi	27
??????	Tioughza	27
???? ???? ?? ???	Sidi Moussa Ben Ali	26.9
??????	M'garto	26.9
?? ?????? ?? ??? ???????	Si Hsaien Ben Abderrahmane	26.9
????? ????	Oulad M'rah	26.9
????? ????	Ouled Ayad	26.9
???? ?????	Sidi Lamine	26.9
?????????	Mallalienne	26.9
??????	Zghira	26.9
????	Arazane	26.9
?????	Guelmim	26.9
??????	Zaaroura	26.8
??? ???	Bni Oual	26.8
?? ?????	Ben Maachou	26.8
??? ??????	Ain Jemaa	26.8
????? ?????	Moulay Bouchta	26.8
??? ?????	Thar Es-Souk	26.8
??? ???????	Ain Taoujdate	26.8
??????	Agourai	26.8
??????? ????	Immouzzer-Kandar	26.8
???? ?????	Sidi Harazem	26.8
??????	Tounfite	26.8
??????	Bouarfa	26.8
???? ??? ???????	Sidi Ali El Korati	26.8
??????	Imgrade	26.8
?????? ???????	El Koudia El Beida	26.8
?????	Assaisse	26.8
?????	Demnate	26.8
????	Ghassate	26.8
?????	Ayacha	26.7
??? ????????	Souk El Arbaa	26.7
??????	Fdalate	26.7
???? ?????	Sidi Hammadi	26.7
????????	Timoulilt	26.7
???? ?????	Sidi Redouane	26.7
???????	Taifa	26.7
??? ????	Sabaa Aiyoun	26.7
??????	Lebkhata	26.7
???	Issen	26.7
??????	Tazemmourt	26.7
??????	Zirara	26.6
??? ??????	Ait Ouikhalfen	26.6
??? ?????	Bni Zrantel	26.6
???????	Ourtzarh	26.6
??? ?????	Bni Hadifa	26.6
?????	Midelt	26.6
??? ????	Ait Melloul	26.6
??? ???????	Sebt Ennabour	26.6
?? ?????	Fam El Hisn	26.6
????? ?????	Oulad Mtaa	26.6
?????	El Faid	26.6
???????	Larache	26.5
?????????	El Mansouria	26.5
?? ????	Ben Ahmed	26.5
???? ??????	Majmaa Tolba	26.5
??? ????	Ain Kaicher	26.5
??? ???????	Had Bouhssoussen	26.5
???? ?????	Sidi Bousber	26.5
?????	Kissane	26.5
??????	Ouislane	26.5
???? ?????? ??? ???????	Sidi Slimane Moul Al Kifane	26.5
??? ??????	Ait Saghrouchen	26.5
????	Lehri	26.5
??? ?????	Ahl Oued Za	26.5
????? ????????	Moulay Bouzarqtoune	26.5
???? ??? ???? ?? ????	Sidi Abdellah Ou Said	26.5
?????	Tamri	26.5
??? ?????	Mirleft	26.5
??????	Ijoukak	26.5
????? ??????	Tidili Mesfioua	26.5
????????	Tizgzaouine	26.5
??? ?????	Akka-Ighane	26.5
???? ????	Jamaat Shaim	26.4
?????	Mghogha	26.4
????????	Skhirate	26.4
????????	Ziaida	26.4
??? ????	Ait Malek	26.4
?? ??????	Foum Jemaa	26.4
??????	Afourar	26.4
?????? ???????	Arbaa Taourirt	26.4
??????	Serghina	26.4
?? ??????	Oum Rabia	26.4
??? ????	Bab Boudir	26.4
??? ?????	Ait Iaaza	26.4
???? ???? ?? ??? ????	Sidi Ahmed Ou Abdallah	26.4
??? ??????	Dar Jamaa	26.4
???????	Touama	26.4
?????	Tinzart	26.4
??????	Iznaguen	26.4
??? ????	Bni Harchen	26.3
?????? ?????	Moualine El Oued	26.3
??????	Mzoura	26.3
???	Bzou	26.3
?????	Marchouch	26.3
??? ?????	Ait Siberne	26.3
??? ?????	Ait Mimoune	26.3
?????	Jahjouh	26.3
??? ?????	Souk L'qolla	26.3
??? ???? ???????	Bni Ahmed Gharbia	26.3
??????	Maghraoua	26.3
??? ??? ????	Ain Bni Mathar	26.3
??? ?????	Ida Ou Moumen	26.3
????????	Lakhnafif	26.3
??????	Freija	26.3
?????	Aferkat	26.3
?????	Tamaguert	26.3
???? ??????	Ighrem N'ougdal	26.3
??? ?????	Ibn Yacoub	26.3
???? ??????	Sidi Hsaine	26.3
??? ????	Had Kourt	26.2
?????	Berrechid	26.2
???? ????	Sidi Bennour	26.2
????????	Sfassif	26.2
???????	El Bibane	26.2
???? ????	Tizi Ouasli	26.2
?? ?????	Ben Taieb	26.2
??? ????	Ait Yaazem	26.2
???? ??????	Sidi El Makhfi	26.2
???? ???? ??????	Sidi Yahya Ou Saad	26.2
??????	Tanourdi	26.2
??? ?? ?????	Ait Ben Yacoub	26.2
??????	Talzemt	26.2
????	Debdou	26.2
??????	Ounagha	26.2
????	Tidzi	26.2
?????	Asrir	26.2
??????	Annakhil	26.2
??????	Ouirgane	26.2
??????	Tassousfi	26.2
??? ??????	Ait Ouribel	26.1
??? ????	Bni Smir	26.1
???????	Ouaouizeght	26.1
??????	Taghramt	26.1
??? ?????	Ain Beida	26.1
???? ?????	Kalaat Bouqorra	26.1
??????	Brarha	26.1
?????	Senada	26.1
?????	Azlaf	26.1
???????	Iaazzanene	26.1
??????	Al Aaroui	26.1
???????	Taourirt	26.1
?????	Oualili	26.1
??????	Tancherfi	26.1
????	Aguerd	26.1
???????	El Hanchane	26.1
???? ???? ??? ???? ?? ?????	Kasbat Sidi Abdellah Ben M'barek	26.1
?? ???????	Had Al Gharbia	26
????? ???	Oulad Abbou	26
?????	Martil	26
????? ??? ??????	Moulay Abdelkrim	26
????	Galaz	26
?????	El Mers	26
??????? ??????	Imouzzer Marmoucha	26
?????? ???????	Meknassa Al Gharbia	26
?????? ?????	Laqsabi Tagoust	26
???? ??????	Sidi M'bark	26
??????	Ouisselsate	26
????? ??????	Toudgha El Oulia	26
??? ??????	Dar Chaoui	25.9
????????	Ezzhiliga	25.9
???? ???? ????	Khemis Sidi Yahya	25.9
????	Fifi	25.9
?????	Teroual	25.9
??????	Rouadi	25.9
??????	Nekkour	25.9
????????	Zrarda	25.9
???? ????	Tizi N'ghachou	25.9
???? ?????	Ida Ou Kazzou	25.9
???????	Imoulass	25.9
???? ?????	Sidi Badhaj	25.9
??????	Askaouen	25.9
????	Siroua	25.9
????????	Youssoufia	25.8
????? ?????	Aquouass Briech	25.8
??????? ???????	Khemisset Chaouia	25.8
??? ??????	Ait Belkacem	25.8
??? ??????	Ras Ijerri	25.8
???? ????	Sidi Jaber	25.8
????	Zoumi	25.8
?????	Ouannana	25.8
????	Oudka	25.8
?????	Azzaba	25.8
?????	Kerrouchen	25.8
??? ?????	Ait Saadelli	25.8
?????	Fezouane	25.8
??????	Argana	25.8
???????	Lagfifat	25.8
????????	Tafraouten	25.8
???? ??????	Talat N'yaaqoub	25.8
???? ????	Sidi Moumen	25.7
?????	Guettaya	25.7
????	Semguet	25.7
???????	Taghzirt	25.7
???? ???? ??????	Sidi Ahmed Cherif	25.7
?????	Aknoul	25.7
?? ????	Ben Smim	25.7
??????	Matmata	25.7
?????? ?????	Aguelmam Azegza	25.7
??? ????	Ait Baha	25.7
??????	Taghjijt	25.7
?????	Tizguine	25.7
????	Adis	25.7
?????? ???????	Sahel Chamali	25.6
???????	Bouznika	25.6
?????? ?? ????	Fquih Ben Salah	25.6
????? ?????	Oulad Amghar	25.6
??????	Ouardana	25.6
??? ???????	Bni Bouifrour	25.6
??? ??????	Ain Timguenai	25.6
????? ???	Oulad Dahou	25.6
???? ??? ???? ?? ?????	Sidi Abdellah Ou Belaid	25.6
???? ????	Sidi Rahal	25.6
?????	Tiflet	25.5
????	Hattane	25.5
??? ????	Ait Ammar	25.5
??? ?????	Kaf El Ghar	25.5
???????	Trougout	25.5
?????	Iferni	25.5
???????	Ihaddadene	25.5
???? ???? ???????	Sidi Hmad Ou M'barek	25.5
????	Fask	25.5
??????	Boutrouch	25.5
???? ???????	Mechraa Bel Ksiri	25.4
????? ????? ?????	My Driss Aghbal	25.4
???????	Bouqachmir	25.4
???? ??	Oued Zem	25.4
??? ????	Hel Merbaa	25.4
??? ????	Bni Oulid	25.4
?????	Ajdir	25.4
???????	Tigrigra	25.4
??????	Tamaloukte	25.4
??????	Ouneine	25.4
??????	Goulmima	25.4
????????	Brachoua	25.3
???????	Boujniba	25.3
???????	Boulanouare	25.3
???? ????	Sidi Hcine	25.3
??????	Aguelmous	25.3
?????	Aourir	25.3
????	Tiout	25.3
?????	Telouet	25.3
??????	Khouribga	25.2
??????	Tachraft	25.2
???? ????? ???????	Moha Ou Hammou Zayani	25.2
???????	Ijermaouas	25.2
?????	Itzer	25.2
????? ??????	Ksar El Kebir	25.1
????????	Benslimane	25.1
????? ??? ?????	Oulad Ali Mansour	25.1
??????	Tsaft	25.1
??? ?????	Bni Ansar	25.1
??? ?????	Ait El Mane	25.1
??????	Mestegmer	25.1
??????-???? ????	El Aioun Sidi Mellouk	25.1
???? ??????	Sidi Bouhria	25.1
??????	Tiznit	25.1
??? ?????	Ahl Ramel	25.1
?????	Tighirt	25.1
??? ?????	Bir Gandouz	25.1
??????	El Gara	25
???? ???????	Sidi El Rhandour	25
???? ??????	Sidi Slimane	25
??? ????	Ain Orma	25
??????	Tazroute	25
?????	Midar	25
?????	Amejjaou	25
??????	El Hajeb	25
????????	Mtarnagha	25
??????	Guenfouda	25
???? ???? ??????	Sidi H'mad Ou Hamed	25
????	Aday	25
??????	Tisrasse	25
????? ?????	Oulad Gouaouch	24.9
??????	M'hajer	24.9
?????	Tahla	24.9
???????	Tazarine	24.9
??????	Imsouane	24.9
???	Tiqqi	24.9
???? ?????	Machraa El Ain	24.9
??????	Tangarfa	24.9
???????	Ménara	24.9
??????	Amizmiz	24.9
??????	Oulmes	24.8
??????	Chefchaouen	24.8
????? ?????	Oulad Boubker	24.8
??? ?????	Oued Ifrane	24.8
????????	Tighassaline	24.8
???? ?????	Sidi Boubker	24.8
??????	Inezgane	24.8
??? ?????	Imi-Mqourn	24.8
?????	Tighmi	24.8
?????	Tataoute	24.8
????? ???? ??????	Ifrane Atlas Saghir	24.8
??? ?????	Ida-Ougoummad	24.8
????	Asjen	24.7
??? ?????	Bejaad	24.7
??? ????	Bni Chiker	24.7
?????	M'rirt	24.7
?????	Abteh	24.6
?? ???	Oumazza	24.6
??? ????	Ouaoumana	24.6
??????	Belyounech	24.6
??? ??? ????	Bni Abdellah	24.6
?????????	El Mariniyine	24.6
????????	Bhalil	24.6
???????	Smia	24.6
????	Zaio	24.6
???? ?????	Sidi Kaouki	24.6
??????? ????????	Dcheira El Jihadia	24.6
???????	El Jadida	24.5
????	Settat	24.5
??? ????	Ait Ichou	24.5
???? ?????	Kasba Tadla	24.5
???? ??????-???????	Sidi Slimane Echcharaa	24.5
????????	Chouihia	24.5
?????	Labyar	24.5
????????	Jdiriya	24.5
????????	Tafingoult	24.5
???????	Médina	24.4
??? ????	Bni Arouss	24.4
???????	Reggada	24.4
???????	Timoulay	24.4
?????	Assilah	24.3
???????	Moqrissat	24.3
???????	Jbarna	24.3
??? ??????	Ras Tabouda	24.3
?????	Gafait	24.3
???????	Amskroud	24.3
??? ????	Béni Mellal	24.2
??? ???? ????	Ait Youssef Ou Ali	24.2
???????	Laatamna	24.2
?????	Aghbal	24.2
???????	Lamnizla	24.2
???? ??? ??????	Sidi Ali Bourakba	24.1
???? ?????	Ribate El Kheir	24.1
????	Madagh	24.1
???? ???? ??????	Sidi Ahmed Ou Moussa	24.1
??? ???????	Ain Chouater	24.1
??? ????	Ait Ikkou	24
????	Azrou	24
????	Sefrou	24
??????	Boulemane	24
??????	El Kbab	24
???????	Boughriba	24
???????	Bounaamane	24
????	Mesti	24
?????????	Azaghar N'irs	24
??????	Aguinane	24
???????	Mzefroune	23.9
?????	Tétouan	23.9
??? ????? ?????	Bni Sidel Jbel	23.9
???????	Nador	23.9
????? ??????	Oulad Mkoudou	23.9
????? ????	Aouint Lahna	23.9
???? ?????	Tizi N'test	23.9
??????	El Hammam	23.8
??? ?????	Ait Ishaq	23.8
??????	Temsamane	23.8
??? ????	Ait Mait	23.8
??? ????? ????	Bni Sidel Louta	23.8
????	Saiss	23.8
?????	Rislane	23.8
??? ????	Ait Milk	23.8
??? ?????	Ait Makhlouf	23.8
???? ?? ??? ????	Sidi Bouabdelli	23.8
??????	Masmouda	23.7
??? ?? ?????	Ait Oum El Bekht	23.7
???????	Imrabten	23.7
????? ?????	Moulay Bouazza	23.6
??? ???	Bni Quolla	23.6
???????	Zeghanghane	23.6
?????	Toulal	23.6
?????	Ifrane	23.6
??????	El Menzel	23.6
???? ????	Sidi Ifni	23.6
????? ????	Moulay Rachid	23.5
???????? ????? ????	Rdadna Oulad Malek	23.5
??? ??? ???	Sebt Ait Rahou	23.5
????	Ouezzane	23.5
?????	Jerada	23.5
??? ???? ?????	Ait Aissa Ihahane	23.5
????????	Taroudannt	23.5
???????	Rommani	23.4
??? ?????? ???????	Ait Bouyahia El Hajjama	23.4
??????	Khenifra	23.4
???? ????????	Sidi Boushab	23.4
???????	Tafraout	23.4
??????	Imaouen	23.4
?????	Tagmout	23.4
????	Hssaine	23.3
??? ?? ??	Bir Tam-Tam	23.3
?????	Aklim	23.3
????	Massa	23.3
????? ????	Tnine Amellou	23.3
???? ????	Sidi Kacem	23.2
???????	Brikcha	23.2
?????-????	Skoura M'daz	23.2
????	Taza	23.2
?? ????	Ben Khlil	23.2
????????	Kénitra	23.1
????? ?????	Zaouiat Cheikh	23.1
??? ????????	Dar El Kebdani	23.1
??? ???????	Dar El Hamra	23.1
????????	Saidia	23.1
??????	Touissit	23.1
??? ??????	Ait Ouadrim	23.1
????	Ibdar	23.1
?????	Azemmour	23
?????	Ajdir	23
??????	Iksane	23
??? ?????	Ait Ouabelli	23
????	Safi	22.9
???? ?????	Sidi Othmane	22.9
??????	El Menzeh	22.9
????? ????? ?????	My Idriss Zerhoun	22.9
??????	Agadir	22.9
???? ???? ?? ???	Sidi Youssef Ben Ali	22.9
???????	Tigzmerte	22.9
??????	Boukraa	22.8
???????	El Ksiba	22.8
??? ???? ????	Ahl Sidi Lahcen	22.8
?????	El Borj	22.8
?????	Aziar	22.8
???? ????	Sidi Ouassay	22.8
??? ?????	Rass Oumlil	22.8
??? ?????	Ait Boufoulen	22.8
?????	Témara	22.7
??????	Rghioua	22.7
??????	Irhzrane	22.7
????????	Tafoughalt	22.7
???? ??? ???? ?????????	Sidi Abdallah El Bouchouari	22.7
???????	Al Hoceima	22.6
?????	Meknès	22.6
??????	Arekmane	22.6
???????	Bigoudine	22.6
???? ?????? ?? ???	Sidi H'saine Ou Ali	22.6
????????	Maaziz	22.5
???????	Naima	22.5
??? ?????	Ras Asfour	22.5
???? ??????	Hay-Hassani	22.4
??????	Tafersit	22.4
??? ?????	Ras-El-Ma	22.4
???? ?????	Mechraa Hammadi	22.4
??? ??????	Bni Boufrah	22.3
??????	Taghazout	22.3
?????	Irherm	22.3
???? ???? ??????	Sidi Allal Lamsadder	22.2
??????	Houderrane	22.2
???? ????	Sidi Amar	22.2
??? ?????	Ain Leuh	22.2
?????? ??? ??? ????	Arbaa Ait Abdellah	22.2
??????	Toughmart	22.2
????????	El Hagounia	22.1
????	Oujda	22.1
???????	Essaouira	22.1
????	Anfeg	22.1
????????	Khémisset	22
???????	Boudinar	22
??????	Tazaghine	22
???????	Imouzzer	22
??????	Tamanarte	22
?????	Tiddas	21.9
?????	Assads	21.8
???????	Tabriquet	21.6
?????? ??????	Arbaa Sahel	21.6
??????	Tadrart	21.6
??????????	Al Barkanyene	21.5
????	Anzi	21.5
?????	Berkane	21.4
?????	Idmine	21.4
??????	Nihit	21.4
??? ????	Aïn-Chock	21.2
??? ???????	Ain Erreggada	21.2
????	Amalou	21.2
??? ?????	Aïn-Sebaâ	21.1
????	Tizaghte	21.1
?????? ??????	El Maader El Kabir	21
???? ????????	Sidi Bernoussi	20.9
????????	Mohammadia	20.9
????	Figuig	20.9
??? ???????	Fès-Médina	20.8
?????	Aqsri	20.7
??? ????	Ait Mzal	20.7
?????	Msied	20.7
????? ????? ???????	Oulad Daoud Zkhanine	20.6
?????	Sbata	20.5
?????? ??????	Echatea El Abied	20.5
????? ????	Taliouine Assaka	20.5
??? ??????	Bab Lamrissa	20.4
???????	Souani	20.3
???? ???????	Tidsi-Nissendalene	20.3
???? ????	Targa Wassay	20.3
??????	Sbouya	20.2
????? ????	Tnine Aglou	20.1
??????	Tassegdelt	20.1
?????	Gueliz	20
????	Adar	20
?????? ??? ??????	Méchouar-Fès-El Jadid	19.9
????	Haouza	19.8
?????? ??? ????	Arbaa Ait Ahmed	19.7
????????	El Youssoufia	19.6
?????	Hilala	19.6
????	Adrej	19.5
????????	Harhoura	19.4
?????? ??????	Arbaa Rasmouka	19.4
????	Ouijjane	19.4
??????	Tisfane	19.4
???? ????	Afella Ighir	19.4
?????	Issafen	19.4
??? ???????	Ida Ou Gougmar	19.4
???????	Toufelaazt	19.2
?????	Bettana	19.1
??? ?????	Ait Ouafqa	19.1
??????	Talilit	19
??? ????	Ben-M'sick	18.9
???????	Tizoughrane	18.8
?????	Ahfir	18.1
????? ???????	Marrakech-Médina	18.1
?????? ???????	Asoukhour Assawda	18
??? ??????	Bni Marghnine	17.9
???? ???????	Hay-Mohammadi	17.8
????? ???????	Yacoub El Mansour	17.8
???? ???????	Al Machouar-Stinia	17.6
?????	Agdal	17.6
???????	Oualqadi	17.2
???????	Tarsouat	17.2
???? ????	Sidi Boaal	17.1
??????	Touizgui	17.1
??????	Amgala	17
???? ??????	Targua-Ntouchka	17
???????	Tifariti	16.9
??????	Al-Fida	16.8
?????	Tindine	16.8
????	Anfa	16.4
????? ????	Tnine Aday	16.3
???? ????	Sidi Mzal	16.3
??? ????	Ait Issafen	16.1
??? ??????	Ida-Ougnidif	16
????– ??????	Méchouar-Kasba	16
????? ??????	Agdal Riyad	15.9
??? ??? ????	Ait Abdallah	15.9
??? ???????	Mers-Sultan	15.8
????????	Toumliline	15.6
???? ?????	Sidi Belyout	15.3
????????	Maârif	15.3
???? ??????	Irigh N'tahala	15.3
???????	Tassrirt	15.3
???? ???? ??????	Sidi Ahmed Laaroussi	15.2
???????	Souissi	15
???????	Dcheira	14.9
????????	Touarga	14.9
?????? ???????	Tafraout El Mouloud	14.5
?????	Aouguenz	14.4
???? ??????	Tizi Ntakoucht	14.1
???????	Chbika	13.7
????	Hassan	13.7
??????	Daoura	13.6
???? ????	Gueltat Zemmour	13.5
?????	Tabia	13.4
??? ??????	Imi N'tayart	12.6
?????	Tanalt	12.3
?????	Aousserd	12.1
????	Ammelne	11.4
??????? ??????	Gleibat El Foula	5.9
??????	Jraifia	4
?????	Lamssid	2.6
???????	El Argoub	2
??? ??????	Bir Anzarane	0.7
??????	Imlili	0.2
?? ?????	Oum Dreyga	0
???????	Aghouinite	
?????	Mijik	
????	Sebta	
??????	Melilia	
?????	Zoug	
???????	Lagouira	
